{"cameraMode":{"drawMode":0,"name":"Shaded","section":"Shading Mode"},"sceneLighting":true,"audioPlay":false,"sceneViewState":{"m_AlwaysRefresh":false,"showFog":true,"showSkybox":true,"showFlares":true,"showImageEffects":true,"showParticleSystems":true,"showVisualEffectGraphs":true,"m_FxEnabled":true},"in2DMode":false,"pivot":{"x":15.845291137695313,"y":1.1920928955078126e-7,"z":80.93180847167969},"rotation":{"x":-0.6897587180137634,"y":-0.13355468213558198,"z":0.13172855973243714,"w":-0.6993306875228882},"size":28.694520950317384,"orthographic":false}